<?xml version="1.0" encoding="UTF-8"?>
<project-private xmlns="http://www.netbeans.org/ns/project-private/1">
    <editor-bookmarks xmlns="http://www.netbeans.org/ns/editor-bookmarks/2" lastBookmarkId="0"/>
    <open-files xmlns="http://www.netbeans.org/ns/projectui-open-files/2">
        <group>
            <file>file:/C:/Users/Aleck/Desktop/practica_10/src/practica_10/rectangle.java</file>
            <file>file:/C:/Users/Aleck/Desktop/practica_10/src/practica_10/shape.java</file>
            <file>file:/C:/Users/Aleck/Desktop/practica_10/src/practica_10/Square.java</file>
            <file>file:/C:/Users/Aleck/Desktop/practica_10/src/practica_10/Practica_10.java</file>
            <file>file:/C:/Users/Aleck/Desktop/practica_10/src/practica_10/circle.java</file>
            <file>file:/C:/Users/Aleck/Desktop/practica_10/src/practica_10/shapefactory.java</file>
        </group>
    </open-files>
</project-private>
